<?xml version="1.0" encoding="UTF-8"?>
<project-private xmlns="http://www.netbeans.org/ns/project-private/1">
    <editor-bookmarks xmlns="http://www.netbeans.org/ns/editor-bookmarks/2" lastBookmarkId="0"/>
    <open-files xmlns="http://www.netbeans.org/ns/projectui-open-files/2">
        <group>
            <file>file:/C:/Users/ETHAN.V/Documents/NetBeansProjects/Ethan_payroll/src/ethan_payroll/Input.java</file>
            <file>file:/C:/Users/ETHAN.V/Documents/NetBeansProjects/Ethan_payroll/src/ethan_payroll/Shift3.java</file>
            <file>file:/C:/Users/ETHAN.V/Documents/NetBeansProjects/Ethan_payroll/src/ethan_payroll/Shift2.java</file>
            <file>file:/C:/Users/ETHAN.V/Documents/NetBeansProjects/Ethan_payroll/src/ethan_payroll/Ethan_payroll.java</file>
            <file>file:/C:/Users/ETHAN.V/Documents/NetBeansProjects/Ethan_payroll/src/ethan_payroll/Shift1.java</file>
        </group>
    </open-files>
</project-private>
